title,link,date
R19: 100% Outcomes Within 4 Months Of Graduating,/blog/r19-100-outcomes-within-4-months-of-graduating,2021-07-13
Student Interview: R20 On Remote Company Projects ,/blog/student-interview-clever-counsel-company-projects,2021-05-25
Good Ideas for Better Variable Names,/blog/good-ideas-for-better-variable-names,2021-05-04
TypeScript: How To Get Started,/blog/typescript-how-to-get-started,2021-04-21
3 Patterns for Refactoring Your Code,/blog/three-simple-patterns-for-refactoring-your-code,2021-04-12
From A Rithm Instructor: Technical Job Search Blockers,/blog/rithm-instructor-technical-job-search-blockers,2021-03-12
Coming Up in Python: `match`,/blog/coming-up-in-python-match,2021-03-03
2021 Rithm School Scholarships,/blog/2021-rithm-school-scholarships,2021-02-24
6 Tips To Push Through The Discomfort Of The Job Search,/blog/push-through-discomfort-of-the-job-search,2021-02-17
Our Updated Interview Process,/blog/our-updated-interview-process,2021-01-25
Using The JavaScript Ternary Operator Effectively,/blog/using-the-javascript-ternary-operator,2020-11-09
Seven Tips For Dealing With Imposter Syndrome,/blog/dealing-with-coding-bootcamp-imposter-syndrome,2020-10-20
Alumni Spotlight: Genna Mergola,/blog/alumni-spotlight-genna-mergola,2020-10-13
How To Get Into A Top Coding Bootcamp,/blog/how-to-get-into-top-coding-bootcamp-rithm-school,2020-09-22
Taking Breaks: Why Being Busy Doesn't Equal Productivity,/blog/taking-breaks-for-productivity,2020-08-18
Student Interview: R16 On Company Projects,/blog/student-interview-r16-on-remote-company-projects,2020-08-11
5 Topics To Master Before Learning React Hooks,/blog/5-topics-to-master-before-learning-react-hooks,2020-07-28
What You Can Learn From Learning A New Language,/blog/what-you-can-learn-from-learning-a-new-language,2020-07-21
Software Engineering Careers Post Covid-19,/blog/software-engineering-careers-post-covid-19,2020-07-08
What Coding Language You Should Learn To Get Hired In 2020,/blog/what-coding-language-you-should-learn-to-get-hired-in-2020,2020-07-02
